{"fid_count": 1, "frame": "odom", "dict": 7, "data": [{"pose": {"location": [0.5841248162492049, 0.001350950778304289, 0.1153394747832589], "orientation": [1.5614911244084855, -0.00026252152137503856, -1.5692386470299342]}, "fid": "1"}]}